clients,run,rps,p50_ms,p95_ms,p99_ms,ok,fail,total,duration_s,topk,q
1,1,3570.67,0,0,0,53560,0,53560,15,20,good
1,2,3660.6,0,0,0,54909,0,54909,15,20,good
1,3,3494.93,0,0,0,52424,0,52424,15,20,good
1,4,3542.27,0,0,0,53134,0,53134,15,20,good
1,5,3539.4,0,0,0,53091,0,53091,15,20,good
1,6,3714.13,0,0,0,55712,0,55712,15,20,good
1,7,3738.53,0,0,0,56078,0,56078,15,20,good
2,1,6813,0,0,0,102195,0,102195,15,20,good
2,2,7131.33,0,0,0,106970,0,106970,15,20,good
2,3,7074.4,0,0,0,106116,0,106116,15,20,good
2,4,7415.47,0,0,0,111232,0,111232,15,20,good
2,5,7214.93,0,0,0,108224,0,108224,15,20,good
2,6,7012.8,0,0,0,105192,0,105192,15,20,good
2,7,6626.47,0,0,0,99397,0,99397,15,20,good
5,1,13974.1,0,0,0,209612,0,209612,15,20,good
5,2,13864.1,0,0,0,207962,0,207962,15,20,good
5,3,14008.4,0,0,0,210126,0,210126,15,20,good
5,4,13493,0,0,0,202395,0,202395,15,20,good
5,5,13671.2,0,0,0,205068,0,205068,15,20,good
5,6,14207.5,0,0,0,213113,0,213113,15,20,good
5,7,14193.5,0,0,0,212902,0,212902,15,20,good
10,1,17694.5,0,0,0,265418,0,265418,15,20,good
10,2,17864.6,0,0,0,267969,0,267969,15,20,good
10,3,17542.2,0,0,0,263133,0,263133,15,20,good
10,4,17971.9,0,0,0,269579,0,269579,15,20,good
10,5,17464.1,0,0,0,261961,0,261961,15,20,good
10,6,17797.1,0,0,0,266956,0,266956,15,20,good
10,7,17558,0,0,0,263370,0,263370,15,20,good
20,1,18937.9,1,1,1,284068,0,284068,15,20,good
20,2,19062.7,1,1,1,285940,0,285940,15,20,good
20,3,19084.4,1,1,1,286266,0,286266,15,20,good
20,4,19076.1,1,1,1,286141,0,286141,15,20,good
20,5,19010.9,1,1,1,285163,0,285163,15,20,good
20,6,18974.5,1,1,1,284617,0,284617,15,20,good
20,7,18815.5,1,1,1,282233,0,282233,15,20,good
30,1,17468,1,2,3,262020,0,262020,15,20,good
30,2,17113.5,1,2,3,256702,0,256702,15,20,good
30,3,17336.2,1,2,3,260043,0,260043,15,20,good
30,4,17212.3,1,2,3,258184,0,258184,15,20,good
30,5,17927.3,1,2,4,268910,0,268910,15,20,good
30,6,18355.3,1,2,3,275329,0,275329,15,20,good
30,7,18166.4,1,2,3,272496,0,272496,15,20,good
40,1,18309.9,2,3,5,274649,0,274649,15,20,good
40,2,18005.2,2,3,4,270078,0,270078,15,20,good
40,3,18029.8,2,2,3,270447,0,270447,15,20,good
40,4,17642.7,2,2,3,264641,0,264641,15,20,good
40,5,17383,2,2,3,260745,0,260745,15,20,good
40,6,17012.8,2,2,3,255192,0,255192,15,20,good
40,7,16970.1,2,2,3,254552,0,254552,15,20,good
50,1,16953,2,3,4,254295,0,254295,15,20,good
50,2,17758.3,2,4,6,266375,0,266375,15,20,good
50,3,18343.3,2,3,5,275149,0,275149,15,20,good
50,4,17934.5,2,3,3,269017,0,269017,15,20,good
50,5,18139.4,2,3,3,272091,0,272091,15,20,good
50,6,18819.5,2,3,4,282293,0,282293,15,20,good
50,7,17716.7,2,3,5,265751,0,265751,15,20,good
75,1,18272.1,4,4,6,274081,0,274081,15,20,good
75,2,18252.8,4,5,7,273792,0,273792,15,20,good
75,3,18657.9,3,4,5,279868,0,279868,15,20,good
75,4,19017.4,3,4,4,285261,0,285261,15,20,good
75,5,18997.5,3,4,4,284963,0,284963,15,20,good
75,6,19017.6,3,4,4,285264,0,285264,15,20,good
75,7,18985.8,3,4,4,284787,0,284787,15,20,good
100,1,18990.9,5,5,5,284863,0,284863,15,20,good
100,2,19068.7,5,5,5,286030,0,286030,15,20,good
100,3,18493,5,7,11,277395,0,277395,15,20,good
100,4,18188.3,5,6,9,272825,0,272825,15,20,good
100,5,18351.9,5,6,8,275278,0,275278,15,20,good
100,6,18070.3,5,6,8,271054,0,271054,15,20,good
100,7,17678.5,5,5,6,265177,0,265177,15,20,good
150,1,17609,6,6,7,264135,0,264135,15,20,good
150,2,17411.6,6,7,8,261174,0,261174,15,20,good
150,3,17241.8,6,7,7,258627,0,258627,15,20,good
150,4,17271.2,6,6,7,259068,0,259068,15,20,good
150,5,17254.8,6,7,8,258822,0,258822,15,20,good
150,6,17301.4,6,7,7,259521,0,259521,15,20,good
150,7,17213.1,6,7,10,258197,0,258197,15,20,good
200,1,17236,6,7,26,258540,0,258540,15,20,good
200,2,17303.7,6,7,501,259555,0,259555,15,20,good
200,3,17258.1,6,7,26,258872,0,258872,15,20,good
200,4,17347.9,6,7,24,260217,1,260218,15,20,good
200,5,17311.1,6,7,21,259667,0,259667,15,20,good
200,6,17212.1,6,7,28,258181,0,258181,15,20,good
200,7,17284.7,6,7,27,259270,0,259270,15,20,good
